epoch,time,train/box_loss,train/cls_loss,train/dfl_loss,metrics/precision(B),metrics/recall(B),metrics/mAP50(B),metrics/mAP50-95(B),val/box_loss,val/cls_loss,val/dfl_loss,lr/pg0,lr/pg1,lr/pg2
1,2.9653,3.32403,5.21691,1.87872,0,0,0,0,3.02106,4.89324,1.46616,0.00021109,0.00021109,0.00021109
2,5.70104,2.82511,4.77956,1.5829,0,0,0,0,3.08732,5.01717,1.39628,0.000347499,0.000347499,0.000347499
3,8.41736,2.55033,4.35418,1.40268,0,0,0,0,2.44831,4.58426,1.19509,0.000395916,0.000395916,0.000395916
4,11.214,2.60319,3.99678,1.39174,0.00107,0.12,0.00066,0.00039,2.37001,4.42297,1.16571,0.000356342,0.000356342,0.000356342
5,14.4662,2.4183,3.76569,1.33058,0.00362,0.48,0.00324,0.00177,2.35468,4.30948,1.16399,0.000228777,0.000228777,0.000228777
